Season,Player,Nation,Pos,Age,MP,Min,Mn/MP,Min%,90s,Starts,Mn/Start,Compl,Subs,Mn/Sub,unSub,PPM,onG,onGA,+/-,+/-90,On-Off,onxG,onxGA,xG+/-,xG+/-90,On-Off_xG
2020-2021,Bernd Leno,de GER,GK,28,49,"4,421",90,83.7,49.1,49,90,48,0,,6,1.67,75,48,+27,+0.55,-0.55,63.0,48.0,+15.0,+0.33,-0.99
2020-2021,Granit Xhaka,ch SUI,"MF,DF",27,45,"3,720",83,70.5,41.3,42,87,33,3,26,4,1.74,68,37,+31,+0.75,+0.46,60.7,36.8,+23.9,+0.64,+0.60
2020-2021,Bukayo Saka,eng ENG,"FW,MF",18,46,"3,592",78,68.0,39.9,41,84,22,5,33,7,1.71,57,39,+18,+0.45,-0.51,48.6,36.7,+11.9,+0.33,-0.47
2020-2021,Rob Holding,eng ENG,DF,24,39,"3,353",86,63.5,37.3,36,91,35,3,31,11,1.59,49,31,+18,+0.48,-0.36,45.3,36.6,+8.7,+0.26,-0.56
2020-2021,Pierre-Emerick Aubameyang,ga GAB,FW,31,39,"3,043",78,60.7,33.8,33,89,23,6,20,5,1.59,47,33,+14,+0.41,-0.64,42.7,33.8,+8.9,+0.29,-0.46
2020-2021,Nicolas Pépé,ci CIV,FW,25,47,"2,934",62,56.9,32.6,30,85,17,17,23,7,1.64,55,34,+21,+0.64,+0.04,42.8,31.8,+11.1,+0.40,-0.16
2020-2021,Kieran Tierney,sct SCO,DF,23,38,"2,929",77,55.5,32.5,32,88,27,6,18,3,1.81,46,32,+14,+0.43,-0.56,41.4,31.2,+10.3,+0.34,-0.32
2020-2021,Gabriel Magalhães,br BRA,DF,22,32,"2,806",88,54.4,31.2,31,89,30,1,45,15,1.50,39,36,+3,+0.10,-1.17,36.8,29.2,+7.6,+0.27,-0.44
2020-2021,Héctor Bellerín,es ESP,"DF,MF",25,35,"2,767",79,52.4,30.7,32,85,23,3,19,14,1.57,37,31,+6,+0.20,-0.88,38.1,32.7,+5.4,+0.18,-0.66
2020-2021,Alexandre Lacazette,fr FRA,FW,29,43,"2,444",57,47.4,27.2,28,79,7,15,16,10,1.65,48,27,+21,+0.77,+0.28,40.9,28.7,+12.1,+0.47,0.00
2020-2021,Mohamed Elneny,eg EGY,MF,28,41,"2,439",59,46.2,27.1,27,84,18,14,13,14,2.02,47,30,+17,+0.63,+0.03,33.4,25.8,+7.6,+0.35,-0.21
2020-2021,Dani Ceballos,es ESP,MF,23,40,"2,371",59,47.9,26.3,25,81,13,15,24,10,1.55,40,31,+9,+0.34,-0.57,33.9,23.9,+10.0,+0.41,-0.12
2020-2021,David Luiz,br BRA,DF,33,30,"2,311",77,43.8,25.7,27,84,22,3,12,5,1.80,44,26,+18,+0.70,+0.16,33.9,22.5,+11.4,+0.52,+0.08
2020-2021,Emile Smith Rowe,eng ENG,"MF,FW",20,33,"2,209",67,41.8,24.5,26,78,8,7,25,4,1.94,46,18,+28,+1.14,+0.90,37.2,20.4,+16.9,+0.72,+0.45
2020-2021,Thomas Partey,gh GHA,MF,27,33,"2,107",64,43.1,23.4,24,80,13,9,22,2,1.57,32,21,+11,+0.47,-0.37,29.5,20.5,+9.0,+0.39,-0.14
2020-2021,Willian,br BRA,FW,31,37,"1,892",51,36.7,21.0,21,76,7,16,19,9,1.78,30,20,+10,+0.48,-0.24,28.2,19.1,+9.0,+0.47,0.00
2020-2021,Cédric Soares,pt POR,DF,28,24,"1,811",75,34.3,20.1,19,87,15,5,31,20,1.96,37,23,+14,+0.70,+0.12,28.5,15.3,+13.3,+0.88,+0.58
2020-2021,Pablo Marí,es ESP,DF,26,16,"1,470",92,28.5,16.3,16,92,16,0,,13,2.06,34,13,+21,+1.29,+0.86,25.0,16.4,+8.7,+0.58,+0.15
2020-2021,Martin Ødegaard,no NOR,MF,21,20,"1,286",64,27.5,14.3,14,80,4,6,27,2,1.60,25,18,+7,+0.49,-0.28,21.1,15.6,+5.5,+0.38,-0.12
2020-2021,Eddie Nketiah,eng ENG,FW,21,29,"1,224",42,23.2,13.6,14,75,3,15,11,18,1.66,22,12,+10,+0.74,+0.16,16.7,8.5,+8.2,+0.84,+0.45
2020-2021,Ainsley Maitland-Niles,eng ENG,"MF,DF",22,21,"1,218",58,23.1,13.5,13,88,11,8,9,10,2.05,28,15,+13,+0.96,+0.45,19.2,9.9,+9.3,+0.92,+0.55
2020-2021,Calum Chambers,eng ENG,DF,25,16,"1,054",66,21.6,11.7,11,89,10,5,14,13,2.00,25,14,+11,+0.94,+0.32,16.8,12.8,+4.0,+0.34,-0.17
2020-2021,Joe Willock,eng ENG,MF,20,17,942,55,17.8,10.5,10,80,5,7,20,12,2.12,16,9,+7,+0.67,+0.07,12.1,7.9,+4.2,+0.65,+0.21
2020-2021,Gabriel Martinelli,br BRA,FW,19,22,802,36,15.5,8.9,9,67,2,13,15,11,1.50,16,6,+10,+1.12,+0.59,16.1,6.8,+9.3,+1.20,+0.86
2020-2021,Sead Kolašinac,ba BIH,DF,27,9,758,84,15.0,8.4,8,90,8,1,38,3,2.44,18,8,+10,+1.19,+0.67,11.1,5.3,+5.8,+1.17,+0.77
2020-2021,Shkodran Mustafi,de GER,DF,28,9,537,60,10.8,6.0,6,82,4,3,16,7,2.33,19,9,+10,+1.68,+1.17,11.7,3.7,+8.1,+1.63,+1.28
2020-2021,Reiss Nelson,eng ENG,"FW,MF",20,9,479,53,9.1,5.3,5,74,2,4,28,10,2.44,10,1,+9,+1.69,+1.18,8.6,3.2,+5.5,+1.57,+1.18
2020-2021,Rúnar Alex Rúnarsson,is ISL,GK,25,6,466,78,9.0,5.2,5,90,5,1,16,27,2.00,15,7,+8,+1.55,+1.00,10.1,3.6,+6.4,+1.53,+1.16
2020-2021,Mathew Ryan,au AUS,GK,28,3,270,90,5.5,3.0,3,90,3,0,,21,1.33,3,2,+1,+0.33,-0.10,5.4,2.3,+3.1,+1.04,+0.88
2020-2021,Emiliano Martínez,ar ARG,GK,27,1,120,120,100.0,1.3,1,120,1,0,,0,3.00,1,1,0,0.00,,,,,,
2020-2021,Folarin Balogun,us USA,FW,19,6,82,14,5.4,0.9,0,,0,6,14,0,2.50,3,1,+2,+2.20,+1.14,1.6,0.2,+1.5,+1.94,+0.87
2020-2021,Ben Cottrell,eng ENG,FW,18,1,14,14,1.1,0.2,0,,0,1,14,1,3.00,1,1,0,0.00,-1.44,0.3,0.1,+0.3,+1.81,+0.70
2020-2021,Miguel Azeez,eng ENG,MF,17,1,8,8,0.2,0.1,0,,0,1,8,5,3.00,0,1,-1,-11.25,-12.76,0.0,0.1,-0.1,-0.58,-1.71
2020-2021,Matt Macey,eng ENG,GK,25,0,,,,,0,,0,0,,7,,,,,,,,,,,
2020-2021,Karl Jakob Hein,ee EST,GK,18,0,,,,,0,,0,0,,7,,,,,,,,,,,
2020-2021,Arthur Okonkwo,eng ENG,GK,18,0,,,,,0,,0,0,,3,,,,,,,,,,,
2020-2021,Joel López,es ESP,DF,18,0,,,,,0,,0,0,,1,,,,,,,,,,,
2020-2021,James Hillson,eng ENG,GK,19,0,,,,,0,,0,0,,1,,,,,,,,,,,
2020-2021,James Olayinka,eng ENG,MF,19,0,,,,,0,,,0,,1,,,,,,,,,,,
2020-2021,Tyreece John-Jules,eng ENG,FW,19,0,,,,,0,,,0,,1,,,,,,,,,,,
2020-2021,William Saliba,fr FRA,DF,19,0,,,,,0,,,0,,2,,,,,,,,,,,
2020-2021,,,,,,,,,,,,,,,,,,,,,,,,,,
2020-2021,,,,,,,,,,,,,,,,,,,,,,,,,,
2020-2021,,,,,,,,,,,,,,,,,,,,,,,,,,
2020-2021,,,,,,,,,,,,,,,,,,,,,,,,,,
2020-2021,,,,,,,,,,,,,,,,,,,,,,,,,,
2020-2021,,,,,,,,,,,,,,,,,,,,,,,,,,
2020-2021,,,,,,,,,,,,,,,,,,,,,,,,,,
2020-2021,,,,,,,,,,,,,,,,,,,,,,,,,,
2020-2021,,,,,,,,,,,,,,,,,,,,,,,,,,
2020-2021,,,,,,,,,,,,,,,,,,,,,,,,,,
2020-2021,,,,,,,,,,,,,,,,,,,,,,,,,,
2020-2021,,,,,,,,,,,,,,,,,,,,,,,,,,
2020-2021,,,,,,,,,,,,,,,,,,,,,,,,,,
2020-2021,,,,,,,,,,,,,,,,,,,,,,,,,,
2020-2021,,,,,,,,,,,,,,,,,,,,,,,,,,
2020-2021,,,,,,,,,,,,,,,,,,,,,,,,,,
2020-2021,,,,,,,,,,,,,,,,,,,,,,,,,,
2020-2021,,,,,,,,,,,,,,,,,,,,,,,,,,
2020-2021,,,,,,,,,,,,,,,,,,,,,,,,,,
2020-2021,,,,,,,,,,,,,,,,,,,,,,,,,,
2020-2021,,,,,,,,,,,,,,,,,,,,,,,,,,
2020-2021,,,,,,,,,,,,,,,,,,,,,,,,,,
2020-2021,,,,,,,,,,,,,,,,,,,,,,,,,,
2020-2021,,,,,,,,,,,,,,,,,,,,,,,,,,
2020-2021,,,,,,,,,,,,,,,,,,,,,,,,,,
2020-2021,,,,,,,,,,,,,,,,,,,,,,,,,,
2020-2021,,,,,,,,,,,,,,,,,,,,,,,,,,
2020-2021,,,,,,,,,,,,,,,,,,,,,,,,,,
2020-2021,,,,,,,,,,,,,,,,,,,,,,,,,,
2020-2021,,,,,,,,,,,,,,,,,,,,,,,,,,
2020-2021,,,,,,,,,,,,,,,,,,,,,,,,,,
2020-2021,,,,,,,,,,,,,,,,,,,,,,,,,,
2020-2021,,,,,,,,,,,,,,,,,,,,,,,,,,
2020-2021,,,,,,,,,,,,,,,,,,,,,,,,,,
2020-2021,,,,,,,,,,,,,,,,,,,,,,,,,,
2020-2021,,,,,,,,,,,,,,,,,,,,,,,,,,
2020-2021,,,,,,,,,,,,,,,,,,,,,,,,,,
2020-2021,,,,,,,,,,,,,,,,,,,,,,,,,,
2020-2021,,,,,,,,,,,,,,,,,,,,,,,,,,
2020-2021,,,,,,,,,,,,,,,,,,,,,,,,,,
2020-2021,,,,,,,,,,,,,,,,,,,,,,,,,,
2020-2021,,,,,,,,,,,,,,,,,,,,,,,,,,
2020-2021,,,,,,,,,,,,,,,,,,,,,,,,,,
2020-2021,,,,,,,,,,,,,,,,,,,,,,,,,,
2020-2021,,,,,,,,,,,,,,,,,,,,,,,,,,
2020-2021,,,,,,,,,,,,,,,,,,,,,,,,,,
2020-2021,,,,,,,,,,,,,,,,,,,,,,,,,,
2020-2021,,,,,,,,,,,,,,,,,,,,,,,,,,
2020-2021,,,,,,,,,,,,,,,,,,,,,,,,,,
2020-2021,,,,,,,,,,,,,,,,,,,,,,,,,,
2020-2021,,,,,,,,,,,,,,,,,,,,,,,,,,
2020-2021,,,,,,,,,,,,,,,,,,,,,,,,,,
2020-2021,,,,,,,,,,,,,,,,,,,,,,,,,,
2020-2021,,,,,,,,,,,,,,,,,,,,,,,,,,
2020-2021,,,,,,,,,,,,,,,,,,,,,,,,,,
2020-2021,,,,,,,,,,,,,,,,,,,,,,,,,,
2020-2021,,,,,,,,,,,,,,,,,,,,,,,,,,
2020-2021,,,,,,,,,,,,,,,,,,,,,,,,,,
2020-2021,,,,,,,,,,,,,,,,,,,,,,,,,,
2020-2021,,,,,,,,,,,,,,,,,,,,,,,,,,
2020-2021,,,,,,,,,,,,,,,,,,,,,,,,,,
2020-2021,,,,,,,,,,,,,,,,,,,,,,,,,,
2020-2021,,,,,,,,,,,,,,,,,,,,,,,,,,
2020-2021,,,,,,,,,,,,,,,,,,,,,,,,,,
2020-2021,,,,,,,,,,,,,,,,,,,,,,,,,,
2020-2021,,,,,,,,,,,,,,,,,,,,,,,,,,
2020-2021,,,,,,,,,,,,,,,,,,,,,,,,,,
2020-2021,,,,,,,,,,,,,,,,,,,,,,,,,,
2020-2021,,,,,,,,,,,,,,,,,,,,,,,,,,
2020-2021,,,,,,,,,,,,,,,,,,,,,,,,,,
2020-2021,,,,,,,,,,,,,,,,,,,,,,,,,,
2020-2021,,,,,,,,,,,,,,,,,,,,,,,,,,
2021-2022,Bukayo Saka,eng ENG,"FW,MF",19,43,"3,343",78,82.5,37.1,40,82,19,3,23,2,1.77,61,42,+19,+0.51,-0.25,54.1,38.0,+16.1,+0.49,+0.75
2021-2022,Aaron Ramsdale,eng ENG,GK,23,37,"3,330",90,82.2,37.0,37,90,37,0,,5,1.89,66,41,+25,+0.68,+0.53,57.4,36.5,+20.9,+0.62,+2.13
2021-2022,Ben White,eng ENG,DF,23,37,"3,276",89,80.9,36.4,37,89,35,0,,2,1.82,57,39,+18,+0.49,-0.32,52.4,33.4,+19.0,+0.59,+1.27
2021-2022,Gabriel Magalhães,br BRA,DF,23,38,"3,261",86,82.3,36.2,37,88,33,1,18,0,1.92,62,39,+23,+0.63,+0.25,58.2,35.0,+23.3,+0.68,+2.81
2021-2022,Martin Ødegaard,no NOR,"MF,FW",22,40,"3,097",77,76.5,34.4,36,83,22,4,26,0,1.88,61,43,+18,+0.52,-0.14,51.0,33.6,+17.4,+0.56,+0.92
2021-2022,Granit Xhaka,ch SUI,"MF,DF",28,30,"2,451",82,61.9,27.2,29,83,23,1,35,0,1.84,53,35,+18,+0.66,+0.18,43.6,28.6,+15.0,+0.58,+0.59
2021-2022,Gabriel Martinelli,br BRA,"FW,MF",20,36,"2,328",65,57.5,25.9,26,82,13,10,20,7,1.75,38,28,+10,+0.39,-0.40,33.8,21.9,+12.0,+0.58,+0.41
2021-2022,Emile Smith Rowe,eng ENG,"MF,FW",21,37,"2,175",59,54.9,24.2,24,80,10,13,20,3,1.79,36,30,+6,+0.25,-0.76,30.5,29.0,+1.5,+0.07,-0.73
2021-2022,Kieran Tierney,sct SCO,DF,24,25,"2,151",86,53.1,23.9,24,87,20,1,56,5,1.72,33,24,+9,+0.38,-0.38,33.4,22.9,+10.5,+0.50,+0.24
2021-2022,Thomas Partey,gh GHA,MF,28,26,"2,103",81,53.1,23.4,24,86,17,2,23,2,2.04,41,25,+16,+0.68,+0.20,36.6,24.5,+12.1,+0.54,+0.36
2021-2022,Alexandre Lacazette,fr FRA,FW,30,36,"2,100",58,51.9,23.3,23,81,8,13,18,6,1.78,40,19,+21,+0.90,+0.72,34.6,19.8,+14.8,+0.75,+0.74
2021-2022,Cédric Soares,pt POR,DF,29,26,"1,855",71,45.8,20.6,21,83,15,5,24,12,1.89,32,29,+3,+0.15,-0.76,26.4,23.1,+3.2,+0.20,-0.34
2021-2022,Takehiro Tomiyasu,jp JPN,DF,22,22,"1,769",80,44.7,19.7,21,84,17,1,1,1,1.86,30,22,+8,+0.41,-0.33,27.4,22.1,+5.3,+0.28,-0.21
2021-2022,Albert Sambi Lokonga,be BEL,MF,21,24,"1,513",63,37.4,16.8,16,85,13,8,20,19,1.67,14,15,-1,-0.06,-0.98,17.5,14.2,+3.3,+0.26,-0.19
2021-2022,Nuno Tavares,pt POR,DF,21,28,"1,505",54,37.2,16.7,17,81,13,11,11,17,1.86,39,20,+19,+1.14,+0.92,21.8,17.0,+4.8,+0.37,-0.03
2021-2022,Rob Holding,eng ENG,DF,25,21,"1,343",64,33.2,14.9,14,85,12,7,22,22,2.10,34,16,+18,+1.21,+0.97,14.0,12.9,+1.0,+0.11,-0.37
2021-2022,Eddie Nketiah,eng ENG,FW,22,27,"1,231",46,30.4,13.7,13,80,7,14,14,5,1.74,28,21,+7,+0.51,-0.06,16.0,12.6,+3.4,+0.37,-0.03
2021-2022,Pierre-Emerick Aubameyang,ga GAB,FW,32,15,"1,112",74,28.1,12.4,13,83,7,2,18,0,1.73,23,16,+7,+0.57,-0.03,16.6,16.4,+0.2,+0.02,-0.53
2021-2022,Mohamed Elneny,eg EGY,MF,29,17,"1,057",62,26.7,11.7,11,88,10,6,14,20,1.94,33,18,+15,+1.28,+0.94,15.7,13.8,+1.9,+0.21,-0.23
2021-2022,Nicolas Pépé,ci CIV,"FW,MF",26,23,966,42,24.4,10.7,8,90,8,15,16,15,2.04,24,10,+14,+1.30,+0.94,13.3,9.9,+3.4,+0.44,+0.06
2021-2022,Bernd Leno,de GER,GK,29,8,720,90,17.8,8.0,8,90,8,0,,31,1.50,11,11,0,0.00,-0.68,3.1,9.2,-6.1,-1.52,-2.13
2021-2022,Ainsley Maitland-Niles,eng ENG,MF,23,11,478,43,12.1,5.3,4,88,3,7,18,9,2.27,9,4,+5,+0.94,+0.40,3.8,6.1,-2.3,-0.77,-1.26
2021-2022,Calum Chambers,eng ENG,DF,26,5,376,75,9.3,4.2,3,87,2,2,58,6,1.40,7,7,0,0.00,-0.65,1.1,5.6,-4.5,-2.39,-2.92
2021-2022,Sead Kolašinac,ba BIH,DF,28,5,272,54,6.7,3.0,3,90,3,2,1,3,1.80,8,5,+3,+0.99,+0.47,0.2,4.4,-4.2,-4.14,-4.66
2021-2022,Pablo Marí,es ESP,DF,27,3,270,90,6.7,3.0,3,90,3,0,,7,1.00,3,4,-1,-0.33,-0.99,1.6,4.3,-2.8,-1.38,-1.87
2021-2022,Folarin Balogun,us USA,FW,20,4,133,33,3.4,1.5,2,57,0,2,10,1,1.50,3,2,+1,+0.68,+0.09,0.4,0.9,-0.5,-0.63,-1.04
2021-2022,Charlie Patino,eng ENG,MF,17,2,79,40,2.0,0.9,1,68,0,1,11,8,1.50,1,0,+1,+1.14,-0.66,,,,,
2021-2022,Reiss Nelson,eng ENG,FW,21,1,20,20,0.6,0.2,0,,0,1,20,1,0.00,0,1,-1,-4.50,-4.87,0.5,0.7,-0.2,-0.96,-1.36
2021-2022,Karl Jakob Hein,ee EST,GK,19,0,,,,,0,,0,0,,3,,,,,,,,,,,
2021-2022,Salah Oulad M'Hand,nl NED,MF,17,0,,,,,0,,0,0,,9,,,,,,,,,,,
2021-2022,Mazeed Ogungbo,ie IRL,DF,18,0,,,,,0,,0,0,,2,,,,,,,,,,,
2021-2022,Alex Kirk,eng ENG,DF,18,0,,,,,0,,0,0,,1,,,,,,,,,,,
2021-2022,Héctor Bellerín,es ESP,"DF,MF",26,0,,,,,0,,0,0,,1,,,,,,,,,,,
2021-2022,Miguel Azeez,eng ENG,MF,18,0,,,,,0,,0,0,,4,,,,,,,,,,,
2021-2022,Omari Hutchinson,eng ENG,"FW,MF",17,0,,,,,0,,0,0,,10,,,,,,,,,,,
2021-2022,Zak Swanson,eng ENG,DF,20,0,,,,,0,,0,0,,15,,,,,,,,,,,
2021-2022,Arthur Okonkwo,eng ENG,GK,19,0,,,,,0,,0,0,,7,,,,,,,,,,,
2021-2022,Marcelo Flores,mx MEX,MF,17,0,,,,,0,,0,0,,1,,,,,,,,,,,
2021-2022,Zach Awe,eng ENG,DF,17,0,,,,,0,,0,0,,1,,,,,,,,,,,
2021-2022,Mika Biereth,dk DEN,FW,18,0,,,,,0,,0,0,,4,,,,,,,,,,,
2021-2022,Ryan Alebiosu,eng ENG,"DF,MF",19,0,,,,,0,,0,0,,2,,,,,,,,,,,
2021-2022,,,,,,,,,,,,,,,,,,,,,,,,,,
2021-2022,,,,,,,,,,,,,,,,,,,,,,,,,,
2021-2022,,,,,,,,,,,,,,,,,,,,,,,,,,
2021-2022,,,,,,,,,,,,,,,,,,,,,,,,,,
2021-2022,,,,,,,,,,,,,,,,,,,,,,,,,,
2021-2022,,,,,,,,,,,,,,,,,,,,,,,,,,
2021-2022,,,,,,,,,,,,,,,,,,,,,,,,,,
2021-2022,,,,,,,,,,,,,,,,,,,,,,,,,,
2021-2022,,,,,,,,,,,,,,,,,,,,,,,,,,
2021-2022,,,,,,,,,,,,,,,,,,,,,,,,,,
2021-2022,,,,,,,,,,,,,,,,,,,,,,,,,,
2021-2022,,,,,,,,,,,,,,,,,,,,,,,,,,
2021-2022,,,,,,,,,,,,,,,,,,,,,,,,,,
2021-2022,,,,,,,,,,,,,,,,,,,,,,,,,,
2021-2022,,,,,,,,,,,,,,,,,,,,,,,,,,
2021-2022,,,,,,,,,,,,,,,,,,,,,,,,,,
2021-2022,,,,,,,,,,,,,,,,,,,,,,,,,,
2021-2022,,,,,,,,,,,,,,,,,,,,,,,,,,
2021-2022,,,,,,,,,,,,,,,,,,,,,,,,,,
2021-2022,,,,,,,,,,,,,,,,,,,,,,,,,,
2021-2022,,,,,,,,,,,,,,,,,,,,,,,,,,
2021-2022,,,,,,,,,,,,,,,,,,,,,,,,,,
2021-2022,,,,,,,,,,,,,,,,,,,,,,,,,,
2021-2022,,,,,,,,,,,,,,,,,,,,,,,,,,
2021-2022,,,,,,,,,,,,,,,,,,,,,,,,,,
2021-2022,,,,,,,,,,,,,,,,,,,,,,,,,,
2021-2022,,,,,,,,,,,,,,,,,,,,,,,,,,
2021-2022,,,,,,,,,,,,,,,,,,,,,,,,,,
2021-2022,,,,,,,,,,,,,,,,,,,,,,,,,,
2021-2022,,,,,,,,,,,,,,,,,,,,,,,,,,
2021-2022,,,,,,,,,,,,,,,,,,,,,,,,,,
2021-2022,,,,,,,,,,,,,,,,,,,,,,,,,,
2021-2022,,,,,,,,,,,,,,,,,,,,,,,,,,
2021-2022,,,,,,,,,,,,,,,,,,,,,,,,,,
2021-2022,,,,,,,,,,,,,,,,,,,,,,,,,,
2021-2022,,,,,,,,,,,,,,,,,,,,,,,,,,
2021-2022,,,,,,,,,,,,,,,,,,,,,,,,,,
2021-2022,,,,,,,,,,,,,,,,,,,,,,,,,,
2021-2022,,,,,,,,,,,,,,,,,,,,,,,,,,
2021-2022,,,,,,,,,,,,,,,,,,,,,,,,,,
2021-2022,,,,,,,,,,,,,,,,,,,,,,,,,,
2021-2022,,,,,,,,,,,,,,,,,,,,,,,,,,
2021-2022,,,,,,,,,,,,,,,,,,,,,,,,,,
2022-2023,Gabriel Magalhães,br BRA,DF,24,48,"4,134",86,93.1,45.9,45,90,43,3,22,1,2.10,99,47,+52,+1.13,+1.72,83.5,45.4,+38.1,+0.88,+1.01
2022-2023,Bukayo Saka,eng ENG,FW,20,48,"3,733",78,85.8,41.5,42,84,24,6,34,0,2.17,86,46,+40,+0.96,-0.79,72.4,44.0,+28.3,+0.72,-0.66
2022-2023,Aaron Ramsdale,eng ENG,GK,24,41,"3,720",91,85.5,41.3,41,91,41,0,,6,2.15,90,46,+44,+1.06,-0.14,76.2,44.4,+31.8,+0.78,-0.34
2022-2023,Granit Xhaka,ch SUI,MF,29,47,"3,692",79,83.2,41.0,43,84,30,4,20,0,2.13,86,42,+44,+1.07,+0.35,72.9,42.8,+30.1,+0.77,-0.31
2022-2023,Ben White,eng ENG,DF,24,46,"3,461",75,78.0,38.5,39,83,22,7,33,3,2.20,86,38,+48,+1.25,+0.84,70.9,41.4,+29.5,+0.78,-0.21
2022-2023,Gabriel Martinelli,br BRA,FW,21,46,"3,427",75,77.2,38.1,40,82,21,6,26,1,2.13,82,40,+42,+1.10,+0.39,69.7,41.6,+28.1,+0.78,-0.17
2022-2023,Martin Ødegaard,no NOR,MF,23,45,"3,387",75,76.3,37.6,39,83,14,6,23,2,2.16,85,39,+46,+1.22,+0.66,71.7,39.5,+32.2,+0.87,+0.26
2022-2023,William Saliba,fr FRA,DF,21,33,"2,812",85,63.3,31.2,32,86,29,1,45,4,2.15,66,32,+34,+1.09,+0.20,56.2,29.8,+26.4,+0.88,+0.18
2022-2023,Thomas Partey,gh GHA,MF,29,40,"2,698",67,60.8,30.0,29,84,21,11,24,3,2.15,70,29,+41,+1.37,+0.77,56.9,33.2,+23.7,+0.81,0.00
2022-2023,Oleksandr Zinchenko,ua UKR,DF,25,33,"2,396",73,54.0,26.6,28,82,9,5,23,1,2.09,60,31,+29,+1.09,+0.16,48.6,30.1,+18.5,+0.73,-0.19
2022-2023,Gabriel Jesus,br BRA,FW,25,33,"2,337",71,54.9,26.0,27,82,11,6,22,0,2.15,57,23,+34,+1.31,+0.65,48.8,24.6,+24.3,+0.94,+0.29
2022-2023,Eddie Nketiah,eng ENG,FW,23,39,"1,877",48,42.3,20.9,18,89,15,21,13,3,2.05,37,23,+14,+0.67,-0.59,35.7,17.8,+17.9,+1.00,+0.31
2022-2023,Kieran Tierney,sct SCO,DF,25,36,"1,471",41,33.1,16.3,15,77,6,21,15,12,2.42,24,17,+7,+0.43,-0.88,25.5,14.3,+11.2,+0.79,-0.04
2022-2023,Fabio Vieira,pt POR,"MF,FW",22,33,"1,421",43,32.0,15.8,14,81,5,19,15,14,2.00,27,15,+12,+0.76,-0.37,25.8,12.1,+13.6,+1.04,+0.31
2022-2023,Rob Holding,eng ENG,DF,26,24,"1,404",59,31.6,15.6,15,85,13,9,14,25,2.17,29,20,+9,+0.58,-0.64,26.4,16.8,+9.6,+0.75,-0.08
2022-2023,Takehiro Tomiyasu,jp JPN,DF,23,31,"1,233",40,28.3,13.7,13,74,6,18,15,2,2.26,26,15,+11,+0.80,-0.38,23.7,12.3,+11.4,+0.97,+0.21
2022-2023,Leandro Trossard,be BEL,FW,27,22,"1,071",49,24.6,11.9,11,66,1,11,31,0,1.73,29,17,+12,+1.01,-0.09,21.0,12.2,+8.8,+0.81,-0.01
2022-2023,Jorginho,it ITA,MF,30,16,989,62,23.7,11.0,11,78,6,5,25,5,1.69,23,14,+9,+0.82,-0.34,16.7,11.1,+5.5,+0.50,-0.41
2022-2023,Albert Sambi Lokonga,be BEL,MF,22,15,858,57,19.3,9.5,10,78,4,5,16,12,2.20,11,9,+2,+0.21,-1.00,14.9,5.6,+9.3,+1.25,+0.52
2022-2023,Matt Turner,us USA,GK,28,7,630,90,14.2,7.0,7,90,7,0,,39,2.29,12,4,+8,+1.14,+1.44,11.0,5.1,+5.9,+1.19,+0.53
2022-2023,Reiss Nelson,eng ENG,FW,22,18,600,33,14.1,6.7,5,75,2,13,17,12,2.05,17,9,+8,+1.20,+0.22,10.9,6.2,+4.7,+0.83,+0.01
2022-2023,Jakub Kiwior,pl POL,DF,22,8,497,62,11.4,5.5,6,80,3,2,8,13,1.75,12,8,+4,+0.72,-0.40,8.5,8.7,-0.2,-0.03,-0.96
2022-2023,Mohamed Elneny,eg EGY,MF,30,8,354,44,8.0,3.9,4,83,3,4,6,4,2.63,7,5,+2,+0.51,-0.55,3.9,1.4,+2.5,+1.27,+0.48
2022-2023,Marquinhos,br BRA,MF,19,6,217,36,4.9,2.4,3,62,0,3,10,17,2.50,5,3,+2,+0.83,-0.19,4.3,1.5,+2.8,+1.72,+0.94
2022-2023,Emile Smith Rowe,eng ENG,"MF,FW",22,14,208,15,4.8,2.3,0,,0,14,15,12,2.21,4,5,-1,-0.43,-1.58,3.1,2.7,+0.4,+0.19,-0.66
2022-2023,Cédric Soares,pt POR,DF,30,4,122,31,2.9,1.4,1,90,1,3,11,14,2.25,2,3,-1,-0.74,-1.80,0.6,0.0,+0.6,+1.68,+0.87
2022-2023,Karl Jakob Hein,ee EST,GK,20,1,90,90,2.0,1.0,1,90,1,0,,8,0.00,1,3,-2,-2.00,,,,,,
2022-2023,Ethan Nwaneri,eng ENG,FW,15,1,1,1,0.0,0.0,0,,0,1,1,0,3.00,0,0,0,0.00,-1.18,0.0,0.0,0.0,0.00,-0.78
2022-2023,Nicolas Pépé,ci CIV,"FW,MF",27,0,,,,,0,,0,0,,2,,,,,,,,,,,
2022-2023,Reuell Walters,eng ENG,DF,17,0,,,,,0,,0,0,,9,,,,,,,,,,,
2022-2023,Amario Duberry,eng ENG,FW,17,0,,,,,0,,0,0,,6,,,,,,,,,,,
2022-2023,Lino Sousa,eng ENG,DF,17,0,,,,,0,,0,0,,1,,,,,,,,,,,
2022-2023,Mauro Bandeira,pt POR,MF,18,0,,,,,0,,0,0,,3,,,,,,,,,,,
2022-2023,Nathan Butler-Oyedeji,eng ENG,FW,19,0,,,,,0,,0,0,,2,,,,,,,,,,,
2022-2023,Matthew Smith,eng ENG,MF,21,0,,,,,0,,0,0,,9,,,,,,,,,,,
2022-2023,James Hillson,eng ENG,GK,21,0,,,,,0,,0,0,,3,,,,,,,,,,,
2022-2023,Cătălin Cîrjan,ro ROU,MF,19,0,,,,,0,,0,0,,4,,,,,,,,,,,
2022-2023,Khayon Edwards,eng ENG,FW,18,0,,,,,0,,0,0,,2,,,,,,,,,,,
2022-2023,Charles Sagoe Jr,eng ENG,FW,18,0,,,,,0,,0,0,,1,,,,,,,,,,,
2022-2023,Bradley Ibrahim,eng ENG,MF,17,0,,,,,0,,0,0,,2,,,,,,,,,,,
2022-2023,,,,,,,,,,,,,,,,,,,,,,,,,,
2022-2023,,,,,,,,,,,,,,,,,,,,,,,,,,
2022-2023,,,,,,,,,,,,,,,,,,,,,,,,,,
2022-2023,,,,,,,,,,,,,,,,,,,,,,,,,,
2022-2023,,,,,,,,,,,,,,,,,,,,,,,,,,
2022-2023,,,,,,,,,,,,,,,,,,,,,,,,,,
2022-2023,,,,,,,,,,,,,,,,,,,,,,,,,,
2022-2023,,,,,,,,,,,,,,,,,,,,,,,,,,
2022-2023,,,,,,,,,,,,,,,,,,,,,,,,,,
2022-2023,,,,,,,,,,,,,,,,,,,,,,,,,,
2022-2023,,,,,,,,,,,,,,,,,,,,,,,,,,
2022-2023,,,,,,,,,,,,,,,,,,,,,,,,,,
2022-2023,,,,,,,,,,,,,,,,,,,,,,,,,,
2022-2023,,,,,,,,,,,,,,,,,,,,,,,,,,
2022-2023,,,,,,,,,,,,,,,,,,,,,,,,,,
2022-2023,,,,,,,,,,,,,,,,,,,,,,,,,,
2022-2023,,,,,,,,,,,,,,,,,,,,,,,,,,
2022-2023,,,,,,,,,,,,,,,,,,,,,,,,,,
2022-2023,,,,,,,,,,,,,,,,,,,,,,,,,,
2022-2023,,,,,,,,,,,,,,,,,,,,,,,,,,
2022-2023,,,,,,,,,,,,,,,,,,,,,,,,,,
2022-2023,,,,,,,,,,,,,,,,,,,,,,,,,,
2022-2023,,,,,,,,,,,,,,,,,,,,,,,,,,
2022-2023,,,,,,,,,,,,,,,,,,,,,,,,,,
2022-2023,,,,,,,,,,,,,,,,,,,,,,,,,,
2022-2023,,,,,,,,,,,,,,,,,,,,,,,,,,
2022-2023,,,,,,,,,,,,,,,,,,,,,,,,,,
2022-2023,,,,,,,,,,,,,,,,,,,,,,,,,,
2022-2023,,,,,,,,,,,,,,,,,,,,,,,,,,
2022-2023,,,,,,,,,,,,,,,,,,,,,,,,,,
2022-2023,,,,,,,,,,,,,,,,,,,,,,,,,,
2022-2023,,,,,,,,,,,,,,,,,,,,,,,,,,
2022-2023,,,,,,,,,,,,,,,,,,,,,,,,,,
2022-2023,,,,,,,,,,,,,,,,,,,,,,,,,,
2022-2023,,,,,,,,,,,,,,,,,,,,,,,,,,
2022-2023,,,,,,,,,,,,,,,,,,,,,,,,,,
2022-2023,,,,,,,,,,,,,,,,,,,,,,,,,,
2022-2023,,,,,,,,,,,,,,,,,,,,,,,,,,
2022-2023,,,,,,,,,,,,,,,,,,,,,,,,,,
2022-2023,,,,,,,,,,,,,,,,,,,,,,,,,,
2022-2023,,,,,,,,,,,,,,,,,,,,,,,,,,
2022-2023,,,,,,,,,,,,,,,,,,,,,,,,,,
2022-2023,,,,,,,,,,,,,,,,,,,,,,,,,,
2022-2023,,,,,,,,,,,,,,,,,,,,,,,,,,
2022-2023,,,,,,,,,,,,,,,,,,,,,,,,,,
2022-2023,,,,,,,,,,,,,,,,,,,,,,,,,,
2022-2023,,,,,,,,,,,,,,,,,,,,,,,,,,
2022-2023,,,,,,,,,,,,,,,,,,,,,,,,,,
2022-2023,,,,,,,,,,,,,,,,,,,,,,,,,,
2022-2023,,,,,,,,,,,,,,,,,,,,,,,,,,
2022-2023,,,,,,,,,,,,,,,,,,,,,,,,,,
2022-2023,,,,,,,,,,,,,,,,,,,,,,,,,,
2022-2023,,,,,,,,,,,,,,,,,,,,,,,,,,
2022-2023,,,,,,,,,,,,,,,,,,,,,,,,,,
2022-2023,,,,,,,,,,,,,,,,,,,,,,,,,,
2022-2023,,,,,,,,,,,,,,,,,,,,,,,,,,
2022-2023,,,,,,,,,,,,,,,,,,,,,,,,,,
2022-2023,,,,,,,,,,,,,,,,,,,,,,,,,,
2022-2023,,,,,,,,,,,,,,,,,,,,,,,,,,
2022-2023,,,,,,,,,,,,,,,,,,,,,,,,,,
2022-2023,,,,,,,,,,,,,,,,,,,,,,,,,,
2022-2023,,,,,,,,,,,,,,,,,,,,,,,,,,
2022-2023,,,,,,,,,,,,,,,,,,,,,,,,,,
2022-2023,,,,,,,,,,,,,,,,,,,,,,,,,,
2022-2023,,,,,,,,,,,,,,,,,,,,,,,,,,
2022-2023,,,,,,,,,,,,,,,,,,,,,,,,,,
2022-2023,,,,,,,,,,,,,,,,,,,,,,,,,,
2022-2023,,,,,,,,,,,,,,,,,,,,,,,,,,
2022-2023,,,,,,,,,,,,,,,,,,,,,,,,,,
2022-2023,,,,,,,,,,,,,,,,,,,,,,,,,,
2022-2023,,,,,,,,,,,,,,,,,,,,,,,,,,
2022-2023,,,,,,,,,,,,,,,,,,,,,,,,,,
2022-2023,,,,,,,,,,,,,,,,,,,,,,,,,,
2022-2023,,,,,,,,,,,,,,,,,,,,,,,,,,
2022-2023,,,,,,,,,,,,,,,,,,,,,,,,,,
2023-2024,William Saliba,fr FRA,DF,22,50,"4,501",90,95.6,50.0,50,90,49,0,,1,2.14,111,40,+71,+1.42,+1.42,88.9,36.3,+52.6,+1.10,+0.34
2023-2024,Gabriel Magalhães,br BRA,DF,25,50,"4,330",87,91.9,48.1,48,90,45,2,13,2,2.12,99,40,+59,+1.23,-1.38,78.4,34.2,+44.2,+1.01,-0.98
2023-2024,Declan Rice,eng ENG,MF,24,51,"4,267",84,90.6,47.4,48,87,37,3,29,0,2.10,102,39,+63,+1.33,-0.09,83.7,33.8,+49.9,+1.11,+0.20
2023-2024,Ben White,eng ENG,DF,25,51,"4,080",80,86.6,45.3,46,86,37,5,21,0,2.09,96,37,+59,+1.30,-0.27,78.1,31.1,+47.0,+1.14,+0.28
2023-2024,Martin Ødegaard,no NOR,MF,24,48,"4,041",84,85.8,44.9,45,89,30,3,16,1,2.10,99,33,+66,+1.47,+0.93,79.7,32.0,+47.7,+1.13,+0.22
2023-2024,Bukayo Saka,eng ENG,FW,21,47,"3,844",82,81.6,42.7,46,83,23,1,25,1,2.07,96,36,+60,+1.40,+0.37,76.2,31.5,+44.6,+1.11,+0.08
2023-2024,Kai Havertz,de GER,"MF,FW",24,51,"3,817",75,81.0,42.4,43,85,26,8,19,0,2.16,96,34,+62,+1.46,+0.66,71.4,27.9,+43.5,+1.14,+0.19
2023-2024,David Raya,es ESP,GK,27,41,"3,720",91,83.8,41.3,41,91,41,0,,5,2.17,98,31,+67,+1.62,+0.76,77.5,29.4,+48.1,+1.17,+0.50
2023-2024,Gabriel Martinelli,br BRA,FW,22,44,"2,628",60,55.8,29.2,31,75,6,13,23,0,2.11,64,30,+34,+1.16,-0.39,51.3,18.9,+32.3,+1.16,+0.15
2023-2024,Leandro Trossard,be BEL,FW,28,46,"2,264",49,48.1,25.2,25,73,4,21,21,4,2.04,55,18,+37,+1.47,+0.26,44.0,18.6,+25.4,+1.05,-0.10
2023-2024,Oleksandr Zinchenko,ua UKR,DF,26,35,"2,078",59,45.9,23.1,24,75,7,11,25,8,2.20,49,19,+30,+1.30,-0.24,43.6,14.3,+29.3,+1.33,+0.42
2023-2024,Gabriel Jesus,br BRA,FW,26,36,"1,907",53,42.1,21.2,21,78,5,15,18,3,2.11,41,14,+27,+1.27,-0.27,39.5,14.7,+24.8,+1.20,+0.18
2023-2024,Jorginho,it ITA,MF,31,36,"1,679",47,36.3,18.7,19,78,6,17,11,14,2.17,34,20,+14,+0.75,-0.96,28.4,13.1,+15.2,+0.95,-0.23
2023-2024,Takehiro Tomiyasu,jp JPN,DF,24,30,"1,661",55,36.0,18.5,16,81,10,14,27,4,2.27,42,15,+27,+1.46,+0.05,31.1,15.3,+15.8,+0.92,-0.27
2023-2024,Jakub Kiwior,pl POL,DF,23,30,"1,594",53,33.8,17.7,18,82,11,12,10,22,2.33,45,16,+29,+1.64,+0.42,28.9,9.6,+19.2,+1.30,+0.29
2023-2024,Eddie Nketiah,eng ENG,FW,24,37,"1,408",38,29.9,15.6,13,80,4,24,16,14,1.95,28,15,+13,+0.83,-0.72,24.7,12.0,+12.7,+0.95,-0.21
2023-2024,Aaron Ramsdale,eng ENG,GK,25,11,990,90,21.0,11.0,11,90,11,0,,40,1.91,15,12,+3,+0.27,-1.35,12.1,7.1,+5.0,+0.71,-0.45
2023-2024,Thomas Partey,gh GHA,MF,30,16,883,55,19.9,9.8,10,80,5,6,14,6,2.50,21,6,+15,+1.53,+0.06,15.3,8.9,+6.4,+0.73,-0.45
2023-2024,Reiss Nelson,eng ENG,FW,23,23,652,28,14.1,7.2,5,74,0,18,16,20,2.05,14,5,+9,+1.24,-0.14,9.9,3.7,+6.2,+1.25,+0.17
2023-2024,Emile Smith Rowe,eng ENG,MF,23,19,486,26,10.3,5.4,4,77,0,15,12,23,1.95,15,4,+11,+2.04,+0.78,9.0,2.2,+6.8,+1.54,+0.48
2023-2024,Fabio Vieira,pt POR,FW,23,16,480,30,10.4,5.3,3,71,1,13,20,18,2.06,14,6,+8,+1.50,+0.11,9.7,2.3,+7.4,+1.72,+0.68
2023-2024,Jurriën Timber,nl NED,DF,22,3,146,49,4.2,1.6,2,62,0,1,22,0,2.33,3,0,+3,+1.85,+0.27,1.9,0.3,+1.6,+2.00,+0.74
2023-2024,Cédric Soares,pt POR,DF,31,5,127,25,2.7,1.4,1,61,0,4,17,24,2.60,2,1,+1,+0.71,-0.74,1.2,1.6,-0.4,-0.32,-1.46
2023-2024,Mohamed Elneny,eg EGY,MF,31,6,99,17,2.2,1.1,1,61,0,5,8,22,2.67,2,1,+1,+0.91,-0.53,1.1,1.3,-0.2,-0.20,-1.33
2023-2024,Charles Sagoe Jr,eng ENG,FW,19,1,67,67,1.5,0.7,1,67,0,0,,2,3.00,1,0,+1,+1.34,+2.94,,,,,
2023-2024,Kieran Tierney,sct SCO,"DF,MF",26,1,15,15,16.7,0.2,0,,0,1,15,0,1.00,1,1,0,0.00,0.00,,,,,
2023-2024,Ethan Nwaneri,eng ENG,MF,16,1,14,14,0.3,0.2,0,,0,1,14,5,3.00,0,0,0,0.00,-1.64,0.0,0.1,-0.1,-0.69,-1.97
2023-2024,Ayden Heaven,eng ENG,DF,16,0,,,,,0,,0,0,,1,,,,,,,,,,,
2023-2024,Myles Lewis-Skelly,eng ENG,DF,16,0,,,,,0,,0,0,,2,,,,,,,,,,,
2023-2024,James Sweet,wls WAL,DF,19,0,,,,,0,,0,0,,3,,,,,,,,,,,
2023-2024,Reuell Walters,eng ENG,DF,18,0,,,,,0,,0,0,,11,,,,,,,,,,,
2023-2024,Amario Duberry,eng ENG,FW,18,0,,,,,0,,0,0,,2,,,,,,,,,,,
2023-2024,Lino Sousa,eng ENG,DF,18,0,,,,,0,,0,0,,2,,,,,,,,,,,
2023-2024,Mauro Bandeira,pt POR,MF,19,0,,,,,0,,0,0,,2,,,,,,,,,,,
2023-2024,Bradley Ibrahim,eng ENG,MF,18,0,,,,,0,,0,0,,1,,,,,,,,,,,
2023-2024,Karl Jakob Hein,ee EST,GK,21,0,,,,,0,,0,0,,17,,,,,,,,,,,
2023-2024,Rob Holding,eng ENG,DF,27,0,,,,,0,,0,0,,1,,,,,,,,,,,
2023-2024,Matt Turner,us USA,GK,29,0,,,,,0,,0,0,,1,,,,,,,,,,,
2023-2024,,,,,,,,,,,,,,,,,,,,,,,,,,
2023-2024,,,,,,,,,,,,,,,,,,,,,,,,,,
2023-2024,,,,,,,,,,,,,,,,,,,,,,,,,,
2023-2024,,,,,,,,,,,,,,,,,,,,,,,,,,
2023-2024,,,,,,,,,,,,,,,,,,,,,,,,,,
2023-2024,,,,,,,,,,,,,,,,,,,,,,,,,,
2023-2024,,,,,,,,,,,,,,,,,,,,,,,,,,
2023-2024,,,,,,,,,,,,,,,,,,,,,,,,,,
2023-2024,,,,,,,,,,,,,,,,,,,,,,,,,,
2023-2024,,,,,,,,,,,,,,,,,,,,,,,,,,
2023-2024,,,,,,,,,,,,,,,,,,,,,,,,,,
2023-2024,,,,,,,,,,,,,,,,,,,,,,,,,,
2023-2024,,,,,,,,,,,,,,,,,,,,,,,,,,
2023-2024,,,,,,,,,,,,,,,,,,,,,,,,,,
2023-2024,,,,,,,,,,,,,,,,,,,,,,,,,,
2023-2024,,,,,,,,,,,,,,,,,,,,,,,,,,
2023-2024,,,,,,,,,,,,,,,,,,,,,,,,,,
2023-2024,,,,,,,,,,,,,,,,,,,,,,,,,,
2023-2024,,,,,,,,,,,,,,,,,,,,,,,,,,
2023-2024,,,,,,,,,,,,,,,,,,,,,,,,,,
2023-2024,,,,,,,,,,,,,,,,,,,,,,,,,,
2023-2024,,,,,,,,,,,,,,,,,,,,,,,,,,
2023-2024,,,,,,,,,,,,,,,,,,,,,,,,,,
2023-2024,,,,,,,,,,,,,,,,,,,,,,,,,,
2023-2024,,,,,,,,,,,,,,,,,,,,,,,,,,
2023-2024,,,,,,,,,,,,,,,,,,,,,,,,,,
2023-2024,,,,,,,,,,,,,,,,,,,,,,,,,,
2023-2024,,,,,,,,,,,,,,,,,,,,,,,,,,
2023-2024,,,,,,,,,,,,,,,,,,,,,,,,,,
2023-2024,,,,,,,,,,,,,,,,,,,,,,,,,,
2023-2024,,,,,,,,,,,,,,,,,,,,,,,,,,
2023-2024,,,,,,,,,,,,,,,,,,,,,,,,,,
2023-2024,,,,,,,,,,,,,,,,,,,,,,,,,,
2023-2024,,,,,,,,,,,,,,,,,,,,,,,,,,
2023-2024,,,,,,,,,,,,,,,,,,,,,,,,,,
2023-2024,,,,,,,,,,,,,,,,,,,,,,,,,,
2023-2024,,,,,,,,,,,,,,,,,,,,,,,,,,
2023-2024,,,,,,,,,,,,,,,,,,,,,,,,,,
2023-2024,,,,,,,,,,,,,,,,,,,,,,,,,,
2023-2024,,,,,,,,,,,,,,,,,,,,,,,,,,
2023-2024,,,,,,,,,,,,,,,,,,,,,,,,,,
2023-2024,,,,,,,,,,,,,,,,,,,,,,,,,,
2023-2024,,,,,,,,,,,,,,,,,,,,,,,,,,
2023-2024,,,,,,,,,,,,,,,,,,,,,,,,,,
2023-2024,,,,,,,,,,,,,,,,,,,,,,,,,,
2023-2024,,,,,,,,,,,,,,,,,,,,,,,,,,
2023-2024,,,,,,,,,,,,,,,,,,,,,,,,,,
2023-2024,,,,,,,,,,,,,,,,,,,,,,,,,,
2023-2024,,,,,,,,,,,,,,,,,,,,,,,,,,
2023-2024,,,,,,,,,,,,,,,,,,,,,,,,,,
2023-2024,,,,,,,,,,,,,,,,,,,,,,,,,,
2023-2024,,,,,,,,,,,,,,,,,,,,,,,,,,
2023-2024,,,,,,,,,,,,,,,,,,,,,,,,,,
2023-2024,,,,,,,,,,,,,,,,,,,,,,,,,,
2023-2024,,,,,,,,,,,,,,,,,,,,,,,,,,
2023-2024,,,,,,,,,,,,,,,,,,,,,,,,,,
2023-2024,,,,,,,,,,,,,,,,,,,,,,,,,,
2023-2024,,,,,,,,,,,,,,,,,,,,,,,,,,
2023-2024,,,,,,,,,,,,,,,,,,,,,,,,,,
2023-2024,,,,,,,,,,,,,,,,,,,,,,,,,,
2023-2024,,,,,,,,,,,,,,,,,,,,,,,,,,
2023-2024,,,,,,,,,,,,,,,,,,,,,,,,,,
2023-2024,,,,,,,,,,,,,,,,,,,,,,,,,,
2023-2024,,,,,,,,,,,,,,,,,,,,,,,,,,
2023-2024,,,,,,,,,,,,,,,,,,,,,,,,,,
2023-2024,,,,,,,,,,,,,,,,,,,,,,,,,,
2023-2024,,,,,,,,,,,,,,,,,,,,,,,,,,
2023-2024,,,,,,,,,,,,,,,,,,,,,,,,,,
2024-2025,David Raya,es ESP,GK,28,55,"4,980",91,94.9,55.3,55,91,55,0,,1,1.89,102,50,+52,+0.94,-1.73,84.7,47.1,+37.6,+0.74,-0.62
2024-2025,William Saliba,fr FRA,DF,23,51,"4,464",88,85.0,49.6,50,88,47,1,45,3,1.92,93,40,+53,+1.07,+0.27,75.4,40.8,+34.6,+0.77,+0.17
2024-2025,Declan Rice,eng ENG,MF,25,52,"4,116",79,78.4,45.7,48,84,32,4,26,2,1.92,85,40,+45,+0.98,-0.21,71.0,37.3,+33.8,+0.79,+0.24
2024-2025,Thomas Partey,gh GHA,"MF,DF",31,52,"3,940",76,75.0,43.8,45,84,32,7,25,4,1.96,79,42,+37,+0.85,-0.73,64.4,40.5,+23.9,+0.58,-0.79
2024-2025,Jurriën Timber,nl NED,DF,23,48,"3,666",76,69.8,40.7,42,84,21,6,26,2,1.94,80,35,+45,+1.10,+0.25,60.4,30.5,+29.8,+0.82,+0.24
2024-2025,Gabriel Martinelli,br BRA,"FW,MF",23,51,"3,551",70,67.6,39.5,40,81,18,11,27,3,1.90,66,34,+32,+0.81,-0.67,58.1,34.2,+23.9,+0.67,-0.26
2024-2025,Gabriel Magalhães,br BRA,DF,26,42,"3,499",83,66.6,38.9,40,87,36,2,17,0,2.00,75,33,+42,+1.08,+0.16,57.0,31.1,+25.9,+0.74,-0.04
2024-2025,Leandro Trossard,be BEL,FW,29,56,"3,452",62,65.8,38.4,37,81,17,19,24,1,1.91,75,38,+37,+0.96,-0.19,58.9,32.1,+26.8,+0.75,0.00
2024-2025,Martin Ødegaard,no NOR,MF,25,45,"3,437",76,65.5,38.2,38,87,22,7,21,0,1.91,78,34,+44,+1.15,+0.36,60.8,30.1,+30.7,+0.89,+0.41
2024-2025,Kai Havertz,de GER,"FW,MF",25,36,"2,810",78,53.5,31.2,30,89,25,6,25,2,2.08,56,27,+29,+0.93,-0.21,46.1,23.8,+22.3,+0.82,+0.15
2024-2025,Mikel Merino,es ESP,"MF,FW",28,44,"2,640",60,50.3,29.3,29,81,18,15,20,2,1.87,54,28,+26,+0.89,-0.29,46.1,26.1,+20.0,+0.75,0.00
2024-2025,Bukayo Saka,eng ENG,"FW,MF",22,37,"2,609",71,50.9,29.0,30,80,12,7,30,0,2.00,58,29,+29,+1.00,-0.11,50.9,26.0,+24.9,+0.90,+0.33
2024-2025,Myles Lewis-Skelly,eng ENG,DF,17,39,"2,303",59,43.9,25.6,26,79,12,13,20,12,1.98,43,28,+15,+0.59,-0.79,33.2,22.1,+11.1,+0.51,-0.40
2024-2025,Jakub Kiwior,pl POL,DF,24,30,"2,160",72,41.1,24.0,21,90,20,9,30,27,2.06,46,25,+21,+0.87,-0.31,37.2,22.0,+15.2,+0.72,-0.05
2024-2025,Ben White,eng ENG,DF,26,26,"1,533",59,32.8,17.0,17,84,12,9,12,3,1.50,24,16,+8,+0.47,-0.90,24.0,20.8,+3.2,+0.19,-0.83
2024-2025,Riccardo Calafiori,it ITA,DF,22,29,"1,496",52,29.2,16.6,16,73,4,13,26,5,2.03,45,18,+27,+1.62,+0.81,30.7,15.4,+15.3,+0.97,+0.32
2024-2025,Jorginho,it ITA,MF,32,27,"1,455",54,27.7,16.2,16,81,8,11,15,25,2.00,35,14,+21,+1.30,+0.37,19.6,9.0,+10.6,+0.93,+0.23
2024-2025,Ethan Nwaneri,eng ENG,"FW,MF",17,37,"1,387",37,27.0,15.4,16,68,2,21,14,17,1.95,35,9,+26,+1.69,+0.87,20.0,7.8,+12.3,+0.99,+0.31
2024-2025,Gabriel Jesus,br BRA,"FW,MF",27,27,"1,207",45,23.0,13.4,13,76,5,14,16,2,1.96,28,8,+20,+1.49,+0.60,15.5,7.6,+7.9,+0.82,+0.09
2024-2025,Raheem Sterling,eng ENG,FW,29,28,"1,147",41,21.8,12.7,13,67,3,15,19,20,2.07,29,10,+19,+1.49,+0.59,15.5,7.1,+8.4,+0.95,+0.24
2024-2025,Oleksandr Zinchenko,ua UKR,"DF,MF",27,23,795,35,15.1,8.8,8,71,1,15,15,23,1.92,19,3,+16,+1.81,+0.90,12.7,4.9,+7.8,+0.97,+0.27
2024-2025,Kieran Tierney,sct SCO,"FW,DF",27,20,456,23,8.7,5.1,4,67,0,16,12,20,2.20,8,4,+4,+0.79,-0.26,7.3,4.1,+3.2,+0.75,0.00
2024-2025,Jack Porter,eng ENG,GK,16,1,90,90,1.8,1.0,1,90,1,0,,5,3.00,5,1,+4,+4.00,+4.00,,,,,
2024-2025,Tommy Setford,eng ENG,GK,18,1,90,90,1.8,1.0,1,90,1,0,,17,3.00,3,0,+3,+3.00,+2.75,,,,,
2024-2025,Josh Nichols,eng ENG,DF,18,1,90,90,2.3,1.0,1,90,1,0,,4,3.00,5,1,+4,+4.00,+4.00,,,,,
2024-2025,Neto,br BRA,GK,35,1,90,90,1.9,1.0,1,90,1,0,,47,3.00,2,1,+1,+1.00,-0.54,2.1,0.7,+1.4,+1.35,+0.42
2024-2025,Maldini Kacurri,al ALB,DF,18,1,21,21,0.4,0.2,0,,0,1,21,7,3.00,1,0,+1,+4.29,+3.66,,,,,
2024-2025,Ayden Heaven,eng ENG,DF,17,1,11,11,0.2,0.1,0,,0,1,11,5,3.00,0,0,0,0.00,-0.82,,,,,
2024-2025,Ismeal Kabia,eng ENG,MF,18,1,10,10,0.2,0.1,0,,0,1,10,13,3.00,0,0,0,0.00,-0.82,,,,,
2024-2025,Nathan Butler-Oyedeji,eng ENG,FW,21,2,8,4,0.2,0.1,0,,0,2,4,25,3.00,1,0,+1,+11.25,+10.19,0.3,0.0,+0.2,+2.71,+1.96
2024-2025,Takehiro Tomiyasu,jp JPN,DF,25,1,7,7,0.2,0.1,0,,0,1,7,0,3.00,1,0,+1,+12.86,+11.96,0.6,0.0,+0.5,+6.86,+6.20
2024-2025,Reiss Nelson,eng ENG,FW,24,1,3,3,0.1,0.0,0,,0,1,3,1,3.00,0,0,0,0.00,-0.92,0.0,0.0,0.0,+0.10,-0.57
2024-2025,Alexei Rojas,co COL,GK,18,0,,,,,0,,0,0,,1,,,,,,,,,,,
2024-2025,Brayden Clarke,wls WAL,DF,17,0,,,,,0,,0,0,,1,,,,,,,,,,,
2024-2025,Aaron Ramsdale,eng ENG,GK,26,0,,,,,0,,0,0,,2,,,,,,,,,,,
2024-2025,Eddie Nketiah,eng ENG,FW,25,0,,,,,0,,0,0,,2,,,,,,,,,,,
2024-2025,Salah Oulad M'Hand,nl NED,MF,20,0,,,,,0,,0,0,,3,,,,,,,,,,,
2024-2025,Zane Monlouis,eng ENG,DF,20,0,,,,,0,,0,0,,2,,,,,,,,,,,
2024-2025,Jack Henry-Francis,ie IRL,MF,20,0,,,,,0,,0,0,,9,,,,,,,,,,,
2024-2025,Josh Robinson,eng ENG,DF,19,0,,,,,0,,0,0,,4,,,,,,,,,,,
2024-2025,Michal Rosiak,pl POL,MF,18,0,,,,,0,,0,0,,1,,,,,,,,,,,
2024-2025,Jimi Gower,eng ENG,MF,19,0,,,,,0,,0,0,,7,,,,,,,,,,,
2024-2025,,,,,,,,,,,,,,,,,,,,,,,,,,
2024-2025,,,,,,,,,,,,,,,,,,,,,,,,,,
2024-2025,,,,,,,,,,,,,,,,,,,,,,,,,,
2024-2025,,,,,,,,,,,,,,,,,,,,,,,,,,
2024-2025,,,,,,,,,,,,,,,,,,,,,,,,,,
2024-2025,,,,,,,,,,,,,,,,,,,,,,,,,,
2024-2025,,,,,,,,,,,,,,,,,,,,,,,,,,
2024-2025,,,,,,,,,,,,,,,,,,,,,,,,,,
2024-2025,,,,,,,,,,,,,,,,,,,,,,,,,,
2024-2025,,,,,,,,,,,,,,,,,,,,,,,,,,
2024-2025,,,,,,,,,,,,,,,,,,,,,,,,,,
2024-2025,,,,,,,,,,,,,,,,,,,,,,,,,,
2024-2025,,,,,,,,,,,,,,,,,,,,,,,,,,
2024-2025,,,,,,,,,,,,,,,,,,,,,,,,,,
2024-2025,,,,,,,,,,,,,,,,,,,,,,,,,,
2024-2025,,,,,,,,,,,,,,,,,,,,,,,,,,
2024-2025,,,,,,,,,,,,,,,,,,,,,,,,,,
2024-2025,,,,,,,,,,,,,,,,,,,,,,,,,,
2024-2025,,,,,,,,,,,,,,,,,,,,,,,,,,
2024-2025,,,,,,,,,,,,,,,,,,,,,,,,,,
2024-2025,,,,,,,,,,,,,,,,,,,,,,,,,,
2024-2025,,,,,,,,,,,,,,,,,,,,,,,,,,
2024-2025,,,,,,,,,,,,,,,,,,,,,,,,,,
2024-2025,,,,,,,,,,,,,,,,,,,,,,,,,,
2024-2025,,,,,,,,,,,,,,,,,,,,,,,,,,
2024-2025,,,,,,,,,,,,,,,,,,,,,,,,,,
2024-2025,,,,,,,,,,,,,,,,,,,,,,,,,,
2024-2025,,,,,,,,,,,,,,,,,,,,,,,,,,
2024-2025,,,,,,,,,,,,,,,,,,,,,,,,,,
2024-2025,,,,,,,,,,,,,,,,,,,,,,,,,,
2024-2025,,,,,,,,,,,,,,,,,,,,,,,,,,
2024-2025,,,,,,,,,,,,,,,,,,,,,,,,,,
2024-2025,,,,,,,,,,,,,,,,,,,,,,,,,,
2024-2025,,,,,,,,,,,,,,,,,,,,,,,,,,
2024-2025,,,,,,,,,,,,,,,,,,,,,,,,,,
2024-2025,,,,,,,,,,,,,,,,,,,,,,,,,,
2024-2025,,,,,,,,,,,,,,,,,,,,,,,,,,
2024-2025,,,,,,,,,,,,,,,,,,,,,,,,,,
2024-2025,,,,,,,,,,,,,,,,,,,,,,,,,,
2024-2025,,,,,,,,,,,,,,,,,,,,,,,,,,
2024-2025,,,,,,,,,,,,,,,,,,,,,,,,,,
2024-2025,,,,,,,,,,,,,,,,,,,,,,,,,,
2024-2025,,,,,,,,,,,,,,,,,,,,,,,,,,
2024-2025,,,,,,,,,,,,,,,,,,,,,,,,,,
2024-2025,,,,,,,,,,,,,,,,,,,,,,,,,,
2024-2025,,,,,,,,,,,,,,,,,,,,,,,,,,
2024-2025,,,,,,,,,,,,,,,,,,,,,,,,,,
2024-2025,,,,,,,,,,,,,,,,,,,,,,,,,,
2024-2025,,,,,,,,,,,,,,,,,,,,,,,,,,
2024-2025,,,,,,,,,,,,,,,,,,,,,,,,,,
2024-2025,,,,,,,,,,,,,,,,,,,,,,,,,,
2024-2025,,,,,,,,,,,,,,,,,,,,,,,,,,
2024-2025,,,,,,,,,,,,,,,,,,,,,,,,,,
2024-2025,,,,,,,,,,,,,,,,,,,,,,,,,,
2024-2025,,,,,,,,,,,,,,,,,,,,,,,,,,
2024-2025,,,,,,,,,,,,,,,,,,,,,,,,,,
2024-2025,,,,,,,,,,,,,,,,,,,,,,,,,,
2024-2025,,,,,,,,,,,,,,,,,,,,,,,,,,
2024-2025,,,,,,,,,,,,,,,,,,,,,,,,,,
2024-2025,,,,,,,,,,,,,,,,,,,,,,,,,,
2024-2025,,,,,,,,,,,,,,,,,,,,,,,,,,
2024-2025,,,,,,,,,,,,,,,,,,,,,,,,,,
2024-2025,,,,,,,,,,,,,,,,,,,,,,,,,,
2024-2025,,,,,,,,,,,,,,,,,,,,,,,,,,
2024-2025,,,,,,,,,,,,,,,,,,,,,,,,,,
2024-2025,,,,,,,,,,,,,,,,,,,,,,,,,,
2024-2025,,,,,,,,,,,,,,,,,,,,,,,,,,
2024-2025,,,,,,,,,,,,,,,,,,,,,,,,,,
2024-2025,,,,,,,,,,,,,,,,,,,,,,,,,,
2024-2025,,,,,,,,,,,,,,,,,,,,,,,,,,
2024-2025,,,,,,,,,,,,,,,,,,,,,,,,,,
2024-2025,,,,,,,,,,,,,,,,,,,,,,,,,,
2024-2025,,,,,,,,,,,,,,,,,,,,,,,,,,
2024-2025,,,,,,,,,,,,,,,,,,,,,,,,,,
2024-2025,,,,,,,,,,,,,,,,,,,,,,,,,,
2024-2025,,,,,,,,,,,,,,,,,,,,,,,,,,
2024-2025,,,,,,,,,,,,,,,,,,,,,,,,,,
